image_path,is_lot
images/img_0.jpg,1
images/img_1.jpg,1
images/img_2.jpg,1
images/img_3.jpg,1
images/img_4.jpg,1
images/img_5.jpg,1
images/img_6.jpg,1
images/img_7.jpg,1
images/img_8.jpg,1
images/img_9.jpg,1
images/img_10.jpg,1
images/img_11.jpg,1
images/img_12.jpg,1
images/img_13.jpg,1
images/img_14.jpg,1
images/img_15.jpg,1
images/img_16.jpg,1
images/img_17.jpg,0
images/img_18.jpg,0
images/img_19.jpg,1
images/img_20.jpg,1
images/img_21.jpg,1
images/img_22.jpg,1
images/img_23.jpg,1
images/img_24.jpg,1
images/img_25.jpg,1
images/img_26.jpg,1
images/img_27.jpg,1
images/img_28.jpg,1
images/img_29.jpg,1
images/img_30.jpg,1
images/img_31.jpg,1
images/img_32.jpg,1
images/img_33.jpg,1
images/img_34.jpg,1
images/img_35.jpg,1
images/img_36.jpg,1
images/img_37.jpg,1
images/img_38.jpg,1
images/img_39.jpg,1
images/img_40.jpg,1
images/img_41.jpg,1
images/img_42.jpg,1
images/img_43.jpg,0
images/img_44.jpg,1
images/img_45.jpg,1
images/img_46.jpg,1
images/img_47.jpg,1
images/img_48.jpg,1
images/img_49.jpg,1
images/img_50.jpg,1
images/img_51.jpg,0
images/img_52.jpg,0
images/img_53.jpg,1
images/img_54.jpg,0
images/img_55.jpg,1
images/img_56.jpg,0
images/img_57.jpg,0
images/img_58.jpg,0
images/img_59.jpg,1
images/img_60.jpg,1
images/img_61.jpg,1
images/img_62.jpg,1
images/img_63.jpg,1
images/img_64.jpg,1
images/img_65.jpg,1
images/img_66.jpg,1
images/img_67.jpg,1
images/img_68.jpg,1
images/img_69.jpg,1
images/img_70.jpg,1
images/img_71.jpg,1
images/img_72.jpg,1
images/img_73.jpg,1
images/img_74.jpg,1
images/img_75.jpg,1
images/img_76.jpg,1
images/img_77.jpg,1
images/img_78.jpg,1
images/img_79.jpg,1
images/img_80.jpg,1
images/img_81.jpg,1
images/img_82.jpg,1
images/img_83.jpg,1
images/img_84.jpg,1
images/img_85.jpg,1
images/img_86.jpg,1
images/img_87.jpg,1
images/img_88.jpg,1
images/img_89.jpg,1
images/img_90.jpg,1
images/img_91.jpg,1
images/img_92.jpg,1
images/img_93.jpg,1
images/img_94.jpg,1
images/img_95.jpg,1
images/img_96.jpg,1
images/img_97.jpg,1
images/img_98.jpg,1
images/img_99.jpg,1
images/img_100.jpg,1
images/img_101.jpg,1
images/img_102.jpg,1
images/img_103.jpg,1
images/img_104.jpg,1
images/img_105.jpg,1
images/img_106.jpg,1
images/img_107.jpg,1
images/img_108.jpg,1
images/img_109.jpg,1
images/img_110.jpg,1
images/img_111.jpg,1
images/img_112.jpg,1
images/img_113.jpg,1
images/img_114.jpg,1
images/img_115.jpg,1
images/img_116.jpg,1
images/img_117.jpg,1
images/img_118.jpg,1
images/img_119.jpg,1
images/img_120.jpg,1
images/img_121.jpg,1
images/img_122.jpg,1
images/img_123.jpg,1
images/img_124.jpg,0
images/img_125.jpg,1
images/img_126.jpg,1
images/img_127.jpg,0
images/img_128.jpg,1
images/img_129.jpg,1
images/img_130.jpg,1
images/img_131.jpg,1
images/img_132.jpg,1
images/img_133.jpg,1
images/img_134.jpg,1
images/img_135.jpg,1
images/img_136.jpg,1
images/img_137.jpg,1
images/img_138.jpg,1
images/img_139.jpg,1
images/img_140.jpg,0
images/img_141.jpg,1
images/img_142.jpg,1
images/img_143.jpg,0
images/img_144.jpg,0
images/img_145.jpg,0
images/img_146.jpg,0
images/img_147.jpg,1
images/img_148.jpg,0
images/img_149.jpg,0
images/img_150.jpg,1
images/img_151.jpg,1
images/img_152.jpg,1
images/img_153.jpg,1
images/img_154.jpg,1
images/img_155.jpg,1
images/img_156.jpg,1
images/img_157.jpg,1
images/img_158.jpg,1
images/img_159.jpg,1
images/img_160.jpg,1
images/img_161.jpg,1
images/img_162.jpg,1
images/img_163.jpg,1
images/img_164.jpg,1
images/img_165.jpg,1
images/img_166.jpg,1
images/img_167.jpg,1
images/img_168.jpg,1
images/img_169.jpg,1
images/img_170.jpg,1
images/img_171.jpg,1
images/img_172.jpg,1
images/img_173.jpg,0
images/img_174.jpg,1
images/img_175.jpg,1
images/img_176.jpg,1
images/img_177.jpg,1
images/img_178.jpg,1
images/img_179.jpg,1
images/img_180.jpg,1
images/img_181.jpg,1
images/img_182.jpg,1
images/img_183.jpg,1
images/img_184.jpg,1
images/img_185.jpg,1
images/img_186.jpg,1
images/img_187.jpg,1
images/img_188.jpg,1
images/img_189.jpg,1
images/img_190.jpg,1
images/img_191.jpg,0
images/img_192.jpg,0
images/img_193.jpg,1
images/img_194.jpg,1
images/img_195.jpg,1
images/img_196.jpg,1
images/img_197.jpg,0
images/img_198.jpg,0
images/img_199.jpg,0
images/img_200.jpg,0
images/img_201.jpg,1
images/img_202.jpg,1
images/img_203.jpg,1
images/img_204.jpg,0
images/img_205.jpg,1
images/img_206.jpg,1
images/img_207.jpg,1
images/img_208.jpg,1
images/img_209.jpg,1
images/img_210.jpg,1
images/img_211.jpg,1
images/img_212.jpg,1
images/img_213.jpg,1
images/img_214.jpg,1
images/img_215.jpg,1
images/img_216.jpg,1
images/img_217.jpg,1
images/img_218.jpg,1
images/img_219.jpg,1
images/img_220.jpg,1
images/img_221.jpg,1
images/img_222.jpg,0
images/img_223.jpg,1
images/img_224.jpg,1
images/img_225.jpg,1
images/img_226.jpg,1
images/img_227.jpg,1
images/img_228.jpg,1
images/img_229.jpg,1
images/img_230.jpg,1
images/img_231.jpg,1
images/img_232.jpg,1
images/img_233.jpg,1
images/img_234.jpg,1
images/img_235.jpg,1
images/img_236.jpg,0
images/img_237.jpg,0
images/img_238.jpg,0
images/img_239.jpg,1
images/img_240.jpg,1
images/img_241.jpg,0
images/img_242.jpg,0
images/img_243.jpg,1
images/img_244.jpg,0
images/img_245.jpg,1
images/img_246.jpg,1
images/img_247.jpg,0
images/img_248.jpg,0
images/img_249.jpg,1
images/img_250.jpg,1
images/img_251.jpg,1
images/img_252.jpg,1
images/img_253.jpg,0
images/img_254.jpg,0
images/img_255.jpg,1
images/img_256.jpg,1
images/img_257.jpg,0
images/img_258.jpg,1
images/img_259.jpg,1
images/img_260.jpg,1
images/img_261.jpg,1
images/img_262.jpg,1
images/img_263.jpg,0
images/img_264.jpg,1
images/img_265.jpg,1
images/img_266.jpg,1
images/img_267.jpg,0
images/img_268.jpg,1
images/img_269.jpg,1
images/img_270.jpg,1
images/img_271.jpg,1
images/img_272.jpg,1
images/img_273.jpg,1
images/img_274.jpg,1
images/img_275.jpg,1
images/img_276.jpg,1
images/img_277.jpg,1
images/img_278.jpg,1
images/img_279.jpg,1
images/img_280.jpg,0
images/img_281.jpg,1
images/img_282.jpg,1
images/img_283.jpg,0
images/img_284.jpg,1
images/img_285.jpg,1
images/img_286.jpg,1
images/img_287.jpg,1
images/img_288.jpg,1
images/img_289.jpg,1
images/img_290.jpg,1
images/img_291.jpg,1
images/img_292.jpg,1
images/img_293.jpg,1
images/img_294.jpg,1
images/img_295.jpg,0
images/img_296.jpg,1
images/img_297.jpg,1
images/img_298.jpg,0
images/img_299.jpg,1
images/img_300.jpg,1
images/img_301.jpg,1
images/img_302.jpg,1
images/img_303.jpg,1
images/img_304.jpg,1
images/img_305.jpg,1
images/img_306.jpg,1
images/img_307.jpg,1
images/img_308.jpg,1
images/img_309.jpg,1
images/img_310.jpg,0
images/img_311.jpg,0
images/img_312.jpg,1
images/img_313.jpg,0
images/img_314.jpg,1
images/img_315.jpg,1
images/img_316.jpg,0
images/img_317.jpg,1
images/img_318.jpg,1
images/img_319.jpg,1
images/img_320.jpg,1
images/img_321.jpg,1
images/img_322.jpg,1
images/img_323.jpg,1
images/img_324.jpg,1
images/img_325.jpg,1
images/img_326.jpg,1
images/img_327.jpg,1
images/img_328.jpg,0
images/img_329.jpg,1
images/img_330.jpg,1
images/img_331.jpg,0
images/img_332.jpg,1
images/img_333.jpg,1
images/img_334.jpg,1
images/img_335.jpg,1
images/img_336.jpg,0
images/img_337.jpg,1
images/img_338.jpg,0
images/img_339.jpg,1
images/img_340.jpg,1
images/img_341.jpg,1
images/img_342.jpg,1
images/img_343.jpg,1
images/img_344.jpg,1
images/img_345.jpg,1
images/img_346.jpg,1
images/img_347.jpg,1
images/img_348.jpg,1
images/img_349.jpg,1
images/img_350.jpg,0
images/img_351.jpg,1
images/img_352.jpg,0
images/img_353.jpg,0
images/img_354.jpg,0
images/img_355.jpg,0
images/img_356.jpg,0
images/img_357.jpg,0
images/img_358.jpg,0
images/img_359.jpg,0
images/img_360.jpg,1
images/img_361.jpg,1
images/img_362.jpg,1
images/img_363.jpg,1
images/img_364.jpg,1
images/img_365.jpg,0
images/img_366.jpg,1
images/img_367.jpg,1
images/img_368.jpg,1
images/img_369.jpg,1
images/img_370.jpg,1
images/img_371.jpg,0
images/img_372.jpg,0
images/img_373.jpg,1
images/img_374.jpg,0
images/img_375.jpg,1
images/img_376.jpg,1
images/img_377.jpg,1
images/img_378.jpg,1
images/img_379.jpg,1
images/img_380.jpg,1
images/img_381.jpg,1
images/img_382.jpg,1
images/img_383.jpg,1
images/img_384.jpg,1
images/img_385.jpg,1
images/img_386.jpg,1
images/img_387.jpg,1
images/img_388.jpg,1
images/img_389.jpg,1
images/img_390.jpg,1
images/img_391.jpg,1
images/img_392.jpg,1
images/img_393.jpg,0
images/img_394.jpg,1
images/img_395.jpg,1
images/img_396.jpg,1
images/img_397.jpg,1
images/img_398.jpg,1
images/img_399.jpg,1
images/img_400.jpg,1
images/img_401.jpg,1
images/img_402.jpg,1
images/img_403.jpg,1
images/img_404.jpg,1
images/img_405.jpg,0
images/img_406.jpg,1
images/img_407.jpg,1
images/img_408.jpg,1
images/img_409.jpg,1
images/img_410.jpg,1
images/img_411.jpg,1
images/img_412.jpg,1
images/img_413.jpg,1
images/img_414.jpg,1
images/img_415.jpg,1
images/img_416.jpg,0
images/img_417.jpg,1
images/img_418.jpg,1
images/img_419.jpg,1
images/img_420.jpg,0
images/img_421.jpg,1
images/img_422.jpg,1
images/img_423.jpg,1
images/img_424.jpg,0
images/img_425.jpg,1
images/img_426.jpg,1
images/img_427.jpg,1
images/img_428.jpg,1
images/img_429.jpg,1
images/img_430.jpg,1
images/img_431.jpg,1
images/img_432.jpg,0
images/img_433.jpg,0
images/img_434.jpg,1
images/img_435.jpg,1
images/img_436.jpg,0
images/img_437.jpg,1
images/img_438.jpg,1
images/img_439.jpg,1
images/img_440.jpg,1
images/img_441.jpg,1
images/img_442.jpg,1
images/img_443.jpg,0
images/img_444.jpg,0
images/img_445.jpg,1
images/img_446.jpg,1
images/img_447.jpg,1
images/img_448.jpg,1
images/img_449.jpg,1
images/img_450.jpg,1
images/img_451.jpg,1
images/img_452.jpg,0
images/img_454.jpg,1
images/img_457.jpg,1
images/img_458.jpg,1
images/img_459.jpg,1
images/img_460.jpg,1
images/img_461.jpg,1
images/img_462.jpg,1
images/img_463.jpg,1
images/img_464.jpg,1
images/img_465.jpg,1
images/img_466.jpg,1
images/img_467.jpg,1
images/img_468.jpg,1
images/img_469.jpg,0
images/img_470.jpg,0
images/img_471.jpg,1
images/img_472.jpg,1
images/img_473.jpg,1
images/img_474.jpg,1
images/img_475.jpg,1
images/img_476.jpg,0
images/img_477.jpg,0
images/img_478.jpg,1
images/img_479.jpg,1
images/img_480.jpg,1
images/img_481.jpg,1
images/img_482.jpg,0
images/img_483.jpg,1
images/img_484.jpg,1
images/img_485.jpg,1
images/img_486.jpg,1
images/img_487.jpg,1
images/img_489.jpg,1
images/img_490.jpg,1
images/img_491.jpg,1
images/img_492.jpg,1
images/img_493.jpg,1
images/img_494.jpg,1
images/img_495.jpg,1
images/img_496.jpg,1
images/img_497.jpg,1
images/img_498.jpg,1
images/img_499.jpg,1
images/img_501.jpg,0
images/img_503.jpg,1
images/img_504.jpg,1
images/img_505.jpg,1
images/img_506.jpg,1
images/img_507.jpg,1
images/img_508.jpg,1
images/img_509.jpg,1
images/img_510.jpg,0
images/img_511.jpg,1
images/img_512.jpg,1
images/img_513.jpg,1
images/img_514.jpg,1
images/img_515.jpg,1
images/img_516.jpg,1
images/img_517.jpg,1
images/img_518.jpg,1
images/img_519.jpg,1
images/img_520.jpg,1
images/img_521.jpg,1
images/img_522.jpg,1
images/img_524.jpg,1
images/img_525.jpg,0
images/img_526.jpg,1
images/img_527.jpg,1
images/img_528.jpg,1
images/img_529.jpg,0
images/img_530.jpg,0
images/img_531.jpg,1
images/img_532.jpg,1
images/img_533.jpg,1
images/img_534.jpg,1
images/img_535.jpg,0
images/img_536.jpg,0
images/img_537.jpg,0
images/img_538.jpg,0
images/img_539.jpg,0
images/img_540.jpg,0
images/img_541.jpg,0
images/img_542.jpg,0
images/img_543.jpg,0
images/img_544.jpg,0
images/img_545.jpg,1
images/img_546.jpg,1
images/img_547.jpg,1
images/img_548.jpg,1
images/img_549.jpg,0
images/img_550.jpg,0
images/img_551.jpg,0
images/img_552.jpg,0
images/img_553.jpg,0
images/img_554.jpg,0
images/img_555.jpg,0
images/img_556.jpg,0
images/img_557.jpg,0
images/img_558.jpg,0
images/img_559.jpg,0
images/img_560.jpg,0
images/img_561.jpg,0
images/img_562.jpg,0
images/img_563.jpg,0
images/img_564.jpg,0
images/img_565.jpg,0
images/img_566.jpg,0
images/img_567.jpg,0
images/img_568.jpg,0
images/img_569.jpg,0
images/img_570.jpg,1
images/img_572.jpg,1
images/img_573.jpg,1
images/img_574.jpg,1
images/img_575.jpg,1
images/img_576.jpg,1
images/img_577.jpg,1
images/img_578.jpg,1
images/img_579.jpg,1
images/img_580.jpg,1
images/img_581.jpg,0
images/img_582.jpg,1
images/img_583.jpg,1
images/img_584.jpg,1
images/img_585.jpg,1
images/img_587.jpg,1
images/img_588.jpg,0
images/img_590.jpg,1
images/img_591.jpg,0
images/img_592.jpg,1
images/img_593.jpg,1
images/img_594.jpg,0
images/img_595.jpg,1
images/img_596.jpg,1
images/img_597.jpg,1
images/img_598.jpg,1
images/img_599.jpg,1
images/img_601.jpg,1
images/img_602.jpg,1
images/img_603.jpg,1
images/img_604.jpg,0
images/img_605.jpg,1
images/img_606.jpg,1
images/img_607.jpg,0
images/img_609.jpg,1
images/img_610.jpg,1
images/img_611.jpg,1
images/img_612.jpg,1
images/img_613.jpg,1
images/img_614.jpg,1
images/img_615.jpg,0
images/img_616.jpg,1
images/img_617.jpg,1
images/img_618.jpg,0
images/img_620.jpg,1
images/img_621.jpg,1
images/img_622.jpg,1
images/img_623.jpg,0
images/img_624.jpg,0
images/img_625.jpg,1
images/img_626.jpg,0
images/img_627.jpg,0
images/img_628.jpg,1
images/img_629.jpg,1
images/img_630.jpg,0
images/img_632.jpg,1
images/img_633.jpg,1
images/img_634.jpg,1
images/img_635.jpg,1
images/img_636.jpg,0
images/img_637.jpg,0
images/img_638.jpg,0
images/img_639.jpg,1
images/img_640.jpg,1
images/img_641.jpg,1
images/img_642.jpg,1
images/img_643.jpg,1
images/img_644.jpg,1
images/img_645.jpg,0
images/img_646.jpg,1
images/img_647.jpg,0
images/img_648.jpg,1
images/img_649.jpg,1
images/img_650.jpg,1
images/img_652.jpg,0
images/img_653.jpg,0
images/img_654.jpg,0
images/img_655.jpg,0
images/img_656.jpg,0
images/img_657.jpg,0
images/img_658.jpg,0
images/img_659.jpg,0
images/img_660.jpg,0
images/img_661.jpg,0
images/img_662.jpg,0
images/img_663.jpg,0
images/img_664.jpg,1
images/img_665.jpg,1
images/img_666.jpg,1
images/img_667.jpg,1
images/img_668.jpg,0
images/img_669.jpg,0
images/img_670.jpg,1
images/img_671.jpg,0
images/img_672.jpg,0
images/img_673.jpg,1
images/img_674.jpg,0
images/img_675.jpg,1
images/img_676.jpg,0
images/img_677.jpg,0
images/img_678.jpg,0
images/img_679.jpg,0
images/img_680.jpg,0
images/img_681.jpg,0
images/img_682.jpg,0
images/img_683.jpg,0
images/img_684.jpg,0
images/img_685.jpg,0
images/img_686.jpg,0
images/img_687.jpg,0
images/img_688.jpg,0
images/img_689.jpg,0
images/img_690.jpg,0
images/img_691.jpg,0
images/img_692.jpg,0
images/img_693.jpg,0
images/img_694.jpg,0
images/img_695.jpg,0
images/img_696.jpg,0
images/img_697.jpg,0
images/img_698.jpg,0
images/img_699.jpg,0
images/img_700.jpg,0
images/img_701.jpg,0
images/img_702.jpg,0
images/img_703.jpg,0
images/img_704.jpg,0
images/img_705.jpg,0
images/img_706.jpg,0
images/img_707.jpg,0
images/img_708.jpg,0
images/img_709.jpg,0
images/img_710.jpg,0
images/img_711.jpg,0
images/img_712.jpg,0
images/img_713.jpg,0
images/img_714.jpg,0
images/img_715.jpg,1
images/img_716.jpg,1
images/img_717.jpg,1
images/img_718.jpg,1
images/img_719.jpg,1
images/img_720.jpg,1
images/img_721.jpg,1
images/img_722.jpg,1
images/img_723.jpg,1
images/img_724.jpg,1
images/img_725.jpg,0
images/img_726.jpg,1
images/img_727.jpg,1
images/img_728.jpg,0
images/img_730.jpg,0
images/img_731.jpg,0
images/img_732.jpg,0
images/img_733.jpg,0
images/img_735.jpg,0
images/img_737.jpg,1
images/img_739.jpg,0
images/img_740.jpg,1
images/img_741.jpg,0
images/img_742.jpg,0
images/img_743.jpg,1
images/img_744.jpg,1
images/img_745.jpg,0
images/img_746.jpg,0
images/img_747.jpg,0
images/img_749.jpg,1
images/img_750.jpg,1
images/img_751.jpg,0
images/img_752.jpg,0
images/img_753.jpg,0
images/img_754.jpg,1
images/img_755.jpg,1
images/img_756.jpg,1
images/img_757.jpg,1
images/img_758.jpg,1
images/img_759.jpg,0
images/img_760.jpg,0
images/img_761.jpg,1
images/img_762.jpg,1
images/img_763.jpg,1
images/img_764.jpg,1
images/img_765.jpg,1
images/img_766.jpg,0
images/img_767.jpg,1
images/img_768.jpg,1
images/img_769.jpg,0
images/img_770.jpg,0
images/img_771.jpg,0
images/img_772.jpg,0
images/img_773.jpg,0
images/img_774.jpg,0
images/img_775.jpg,0
images/img_776.jpg,0
images/img_777.jpg,0
images/img_778.jpg,1
images/img_779.jpg,0
images/img_780.jpg,0
images/img_781.jpg,1
images/img_782.jpg,1
images/img_783.jpg,0
images/img_784.jpg,1
images/img_785.jpg,1
images/img_786.jpg,0
images/img_787.jpg,1
images/img_788.jpg,1
images/img_789.jpg,1
images/img_790.jpg,1
images/img_791.jpg,1
images/img_792.jpg,1
images/img_793.jpg,1
images/img_794.jpg,0
images/img_795.jpg,1
images/img_796.jpg,1
images/img_797.jpg,1
images/img_798.jpg,1
images/img_799.jpg,1
images/img_800.jpg,1
images/img_801.jpg,1
images/img_802.jpg,1
images/img_803.jpg,1
images/img_804.jpg,0
images/img_805.jpg,0
images/img_806.jpg,0
images/img_808.jpg,0
images/img_809.jpg,0
images/img_810.jpg,0
images/img_811.jpg,0
images/img_812.jpg,0
images/img_813.jpg,0
images/img_814.jpg,0
images/img_815.jpg,0
images/img_816.jpg,0
images/img_817.jpg,0
images/img_818.jpg,1
images/img_819.jpg,1
images/img_820.jpg,0
images/img_821.jpg,1
images/img_822.jpg,1
images/img_823.jpg,0
images/img_824.jpg,1
images/img_825.jpg,0
images/img_826.jpg,0
images/img_827.jpg,0
images/img_828.jpg,1
images/img_829.jpg,1
images/img_830.jpg,1
images/img_831.jpg,1
images/img_832.jpg,1
images/img_833.jpg,0
images/img_835.jpg,1
images/img_836.jpg,0
images/img_837.jpg,1
images/img_838.jpg,1
images/img_839.jpg,0
images/img_840.jpg,0
images/img_841.jpg,1
images/img_842.jpg,1
images/img_843.jpg,0
images/img_844.jpg,1
images/img_845.jpg,1
images/img_846.jpg,1
images/img_847.jpg,1
images/img_848.jpg,1
images/img_849.jpg,1
images/img_850.jpg,1
images/img_851.jpg,1
images/img_852.jpg,1
images/img_853.jpg,1
images/img_854.jpg,1
images/img_855.jpg,1
images/img_856.jpg,1
images/img_857.jpg,1
images/img_858.jpg,1
images/img_859.jpg,1
images/img_860.jpg,1
images/img_861.jpg,0
images/img_862.jpg,0
images/img_863.jpg,0
images/img_864.jpg,0
images/img_865.jpg,1
images/img_866.jpg,1
images/img_867.jpg,0
images/img_868.jpg,0
images/img_869.jpg,0
images/img_870.jpg,1
images/img_871.jpg,1
images/img_872.jpg,0
images/img_873.jpg,1
images/img_874.jpg,0
images/img_875.jpg,0
images/img_876.jpg,0
images/img_878.jpg,1
images/img_879.jpg,0
images/img_880.jpg,0
images/img_881.jpg,0
images/img_882.jpg,0
images/img_883.jpg,0
images/img_884.jpg,1
images/img_885.jpg,1
images/img_886.jpg,1
images/img_887.jpg,0
images/img_888.jpg,0
images/img_889.jpg,1
images/img_891.jpg,0
images/img_892.jpg,1
images/img_893.jpg,0
images/img_894.jpg,0
images/img_895.jpg,1
images/img_896.jpg,0
images/img_897.jpg,0
images/img_898.jpg,0
images/img_899.jpg,0
images/img_900.jpg,0
images/img_901.jpg,0
images/img_902.jpg,1
images/img_904.jpg,1
images/img_905.jpg,1
images/img_906.jpg,1
images/img_907.jpg,1
images/img_908.jpg,1
images/img_909.jpg,1
images/img_910.jpg,0
images/img_911.jpg,0
images/img_913.jpg,1
images/img_914.jpg,1
images/img_915.jpg,0
images/img_916.jpg,1
images/img_917.jpg,1
images/img_918.jpg,0
images/img_919.jpg,0
images/img_920.jpg,0
images/img_921.jpg,0
images/img_922.jpg,0
images/img_923.jpg,0
images/img_924.jpg,0
images/img_925.jpg,0
images/img_926.jpg,0
images/img_927.jpg,0
images/img_928.jpg,0
images/img_929.jpg,0
images/img_930.jpg,0
images/img_931.jpg,0
images/img_932.jpg,0
images/img_933.jpg,0
images/img_934.jpg,0
images/img_935.jpg,0
images/img_936.jpg,0
images/img_937.jpg,0
images/img_938.jpg,0
images/img_939.jpg,0
images/img_940.jpg,0
images/img_941.jpg,0
images/img_942.jpg,1
images/img_943.jpg,1
images/img_944.jpg,1
images/img_945.jpg,1
images/img_946.jpg,1
images/img_947.jpg,1
images/img_948.jpg,1
images/img_949.jpg,1
images/img_950.jpg,1
images/img_951.jpg,1
images/img_952.jpg,1
images/img_953.jpg,1
images/img_954.jpg,1
images/img_955.jpg,0
images/img_956.jpg,1
images/img_958.jpg,1
images/img_959.jpg,1
images/img_960.jpg,1
images/img_961.jpg,1
images/img_963.jpg,0
images/img_964.jpg,1
images/img_965.jpg,1
images/img_966.jpg,1
images/img_967.jpg,0
images/img_968.jpg,1
images/img_969.jpg,1
images/img_970.jpg,1
images/img_971.jpg,1
images/img_972.jpg,1
images/img_973.jpg,1
images/img_974.jpg,1
images/img_975.jpg,1
images/img_976.jpg,0
images/img_977.jpg,0
images/img_978.jpg,0
images/img_980.jpg,0
images/img_981.jpg,0
images/img_982.jpg,0
images/img_983.jpg,0
images/img_984.jpg,0
images/img_985.jpg,0
images/img_986.jpg,0
images/img_987.jpg,0
images/img_988.jpg,0
images/img_989.jpg,0
images/img_990.jpg,0
images/img_991.jpg,0
images/img_992.jpg,0
images/img_993.jpg,0
images/img_994.jpg,0
images/img_995.jpg,0
images/img_996.jpg,0
images/img_997.jpg,0
images/img_998.jpg,0
images/img_999.jpg,0
images/img_1000.jpg,1
images/img_1001.jpg,1
images/img_1002.jpg,0
images/img_1003.jpg,1
images/img_1004.jpg,0
images/img_1005.jpg,1
images/img_1006.jpg,1
images/img_1007.jpg,1
images/img_1009.jpg,1
images/img_1010.jpg,1
images/img_1011.jpg,0
images/img_1012.jpg,0
images/img_1013.jpg,0
images/img_1014.jpg,0
images/img_1015.jpg,0
images/img_1016.jpg,0
images/img_1017.jpg,0
images/img_1018.jpg,1
images/img_1019.jpg,1
images/img_1020.jpg,1
images/img_1021.jpg,1
images/img_1022.jpg,1
images/img_1023.jpg,1
images/img_1024.jpg,1
images/img_1025.jpg,1
images/img_1026.jpg,1
images/img_1027.jpg,1
images/img_1029.jpg,1
images/img_1030.jpg,1
images/img_1031.jpg,1
images/img_1032.jpg,0
images/img_1033.jpg,1
images/img_1034.jpg,1
images/img_1035.jpg,1
images/img_1036.jpg,1
images/img_1037.jpg,0
images/img_1038.jpg,0
images/img_1039.jpg,1
images/img_1040.jpg,1
images/img_1041.jpg,1
images/img_1042.jpg,1
images/img_1043.jpg,1
images/img_1044.jpg,1
images/img_1045.jpg,1
images/img_1046.jpg,0
images/img_1047.jpg,0
images/img_1048.jpg,0
images/img_1049.jpg,1
images/img_1050.jpg,1
images/img_1051.jpg,1
images/img_1052.jpg,1
images/img_1053.jpg,1
images/img_1054.jpg,1
images/img_1055.jpg,1
images/img_1056.jpg,1
images/img_1057.jpg,1
images/img_1058.jpg,1
images/img_1059.jpg,1
images/img_1060.jpg,1
images/img_1061.jpg,1
images/img_1063.jpg,1
images/img_1064.jpg,1
images/img_1065.jpg,0
images/img_1066.jpg,0
images/img_1067.jpg,1
images/img_1068.jpg,1
images/img_1069.jpg,1
images/img_1070.jpg,1
images/img_1071.jpg,1
images/img_1072.jpg,1
images/img_1073.jpg,1
images/img_1074.jpg,1
images/img_1075.jpg,0
images/img_1076.jpg,0
images/img_1077.jpg,1
images/img_1078.jpg,0
images/img_1079.jpg,1
images/img_1080.jpg,0
images/img_1081.jpg,0
images/img_1082.jpg,0
images/img_1083.jpg,1
images/img_1084.jpg,0
images/img_1085.jpg,1
images/img_1086.jpg,1
images/img_1087.jpg,1
images/img_1088.jpg,1
images/img_1089.jpg,1
images/img_1090.jpg,1
images/img_1091.jpg,1
images/img_1092.jpg,1
images/img_1093.jpg,1
images/img_1094.jpg,1
images/img_1095.jpg,1
images/img_1096.jpg,0
images/img_1098.jpg,1
images/img_1099.jpg,1
images/img_1100.jpg,1
images/img_1101.jpg,1
images/img_1102.jpg,1
images/img_1104.jpg,1
images/img_1105.jpg,1
images/img_1106.jpg,1
images/img_1107.jpg,1
images/img_1108.jpg,1
images/img_1109.jpg,1
images/img_1110.jpg,1
images/img_1111.jpg,1
images/img_1112.jpg,1
images/img_1113.jpg,1
images/img_1114.jpg,1
images/img_1115.jpg,0
images/img_1116.jpg,1
images/img_1117.jpg,1
images/img_1118.jpg,0
images/img_1119.jpg,1
images/img_1120.jpg,1
images/img_1121.jpg,1
images/img_1122.jpg,0
images/img_1123.jpg,0
images/img_1124.jpg,0
images/img_1125.jpg,1
images/img_1126.jpg,0
images/img_1127.jpg,1
images/img_1128.jpg,1
